Data;NivelMaximo_m;NivelMinimo_m;NivelUltimo_m;VazaoUltimo_m3s;Fonte
2024-01-01;2.237;2.163;2.163;287;ANA (backfill manual)
2024-01-02;2.160;2.114;2.115;272;ANA (backfill manual)
2024-01-03;2.114;2.087;2.087;265;ANA (backfill manual)
2024-01-04;2.084;2.057;2.057;256;ANA (backfill manual)
2024-01-05;2.055;2.023;2.023;246;ANA (backfill manual)
2024-01-06;2.021;1.987;1.987;239;ANA (backfill manual)
2024-01-07;1.984;1.950;1.950;229;ANA (backfill manual)
2024-01-08;1.948;1.915;1.915;221;ANA (backfill manual)
2024-01-09;1.965;1.882;1.965;230;ANA (backfill manual)
2024-01-10;1.969;1.879;1.879;209;ANA (backfill manual)
2024-01-11;1.877;1.855;1.861;203;ANA (backfill manual)
2024-01-12;1.899;1.865;1.899;216;ANA (backfill manual)
2024-01-13;1.986;1.900;1.986;242;ANA (backfill manual)
2024-01-14;2.055;1.988;2.055;265;ANA (backfill manual)
2024-01-15;2.075;2.055;2.072;266;ANA (backfill manual)
2024-01-16;2.072;2.060;2.068;264;ANA (backfill manual)
2024-01-17;2.238;2.071;2.238;316;ANA (backfill manual)
2024-01-18;2.388;2.232;2.388;320;ANA (backfill manual)
2024-01-19;2.593;2.411;2.556;411;ANA (backfill manual)
2024-01-20;2.548;2.443;2.459;380;ANA (backfill manual)
2024-01-21;2.469;2.456;2.469;386;ANA (backfill manual)
2024-01-22;2.552;2.470;2.552;412;ANA (backfill manual)
2024-01-23;2.614;2.555;2.614;433;ANA (backfill manual)
2024-01-24;2.659;2.615;2.659;453;ANA (backfill manual)
2024-01-25;2.716;2.660;2.716;473;ANA (backfill manual)
2024-01-26;2.817;2.721;2.817;507;ANA (backfill manual)
2024-01-27;2.850;2.819;2.850;516;ANA (backfill manual)
2024-01-28;2.850;2.834;2.836;512;ANA (backfill manual)
2024-01-29;2.835;2.786;2.786;496;ANA (backfill manual)
2024-01-30;2.784;2.735;2.735;482;ANA (backfill manual)
2024-01-31;2.730;2.619;2.619;446;ANA (backfill manual)
2024-02-01;2.614;2.545;2.545;416;ANA (backfill manual)
2024-02-02;2.542;2.484;2.484;395;ANA (backfill manual)
2024-02-03;2.480;2.398;2.398;363;ANA (backfill manual)
2024-02-04;2.397;2.307;2.307;336;ANA (backfill manual)
2024-02-05;2.306;2.235;2.235;313;ANA (backfill manual)
2024-02-06;2.234;2.190;2.193;295;ANA (backfill manual)
2024-02-07;2.188;2.136;2.136;278;ANA (backfill manual)
2024-02-08;2.133;2.103;2.103;267;ANA (backfill manual)
2024-02-09;2.101;2.084;2.085;265;ANA (backfill manual)
2024-02-10;2.086;2.078;2.078;262;ANA (backfill manual)
2024-02-11;2.077;2.046;2.046;254;ANA (backfill manual)
2024-02-12;2.045;2.022;2.027;249;ANA (backfill manual)
2024-02-13;2.027;1.969;1.969;232;ANA (backfill manual)
2024-02-14;1.983;1.929;1.983;231;ANA (backfill manual)
2024-02-15;2.134;1.995;2.134;286;ANA (backfill manual)
2024-02-16;2.140;2.135;2.139;286;ANA (backfill manual)
2024-02-17;2.203;2.138;2.203;307;ANA (backfill manual)
2024-02-18;2.356;2.208;2.356;354;ANA (backfill manual)
2024-02-19;2.372;2.358;2.369;357;ANA (backfill manual)
2024-02-20;2.411;2.366;2.411;370;ANA (backfill manual)
2024-02-21;2.433;2.413;2.429;377;ANA (backfill manual)
2024-02-22;2.434;2.425;2.432;377;ANA (backfill manual)
2024-02-23;2.432;2.396;2.396;368;ANA (backfill manual)
2024-02-24;2.410;2.389;2.402;369;ANA (backfill manual)
2024-02-25;2.399;2.349;2.349;353;ANA (backfill manual)
2024-02-26;2.346;2.286;2.286;330;ANA (backfill manual)
2024-02-27;2.299;2.270;2.299;334;ANA (backfill manual)
2024-02-28;2.407;2.303;2.407;368;ANA (backfill manual)
2024-02-29;2.481;2.419;2.481;385;ANA (backfill manual)
2024-03-01;2.517;2.487;2.517;393;ANA (backfill manual)
2024-03-02;2.570;2.519;2.568;423;ANA (backfill manual)
2024-03-03;2.593;2.562;2.593;430;ANA (backfill manual)
2024-03-04;2.792;2.591;2.792;482;ANA (backfill manual)
2024-03-05;2.990;2.810;2.990;559;ANA (backfill manual)
2024-03-06;3.045;2.997;3.045;580;ANA (backfill manual)
2024-03-07;3.163;3.049;3.163;629;ANA (backfill manual)
2024-03-08;3.460;3.175;3.460;678;ANA (backfill manual)
2024-03-09;3.788;3.482;3.788;880;ANA (backfill manual)
2024-03-10;3.815;3.779;3.779;882;ANA (backfill manual)
2024-03-11;3.775;3.643;3.643;824;ANA (backfill manual)
2024-03-12;3.634;3.479;3.479;757;ANA (backfill manual)
2024-03-13;3.472;3.306;3.306;732;ANA (backfill manual)
2024-03-14;3.298;3.125;3.125;618;ANA (backfill manual)
2024-03-15;3.117;2.950;2.950;560;ANA (backfill manual)
2024-03-16;2.942;2.811;2.811;519;ANA (backfill manual)
2024-03-17;2.805;2.674;2.674;462;ANA (backfill manual)
2024-03-18;2.668;2.585;2.585;431;ANA (backfill manual)
2024-03-19;2.585;2.572;2.583;426;ANA (backfill manual)
2024-03-20;2.585;2.548;2.585;426;ANA (backfill manual)
2024-03-21;2.621;2.589;2.610;434;ANA (backfill manual)
2024-03-22;2.607;2.544;2.544;410;ANA (backfill manual)
2024-03-23;2.539;2.471;2.471;391;ANA (backfill manual)
2024-03-24;2.468;2.405;2.405;369;ANA (backfill manual)
2024-03-25;2.402;2.337;2.337;;ANA (backfill manual)
2024-03-26;2.335;2.272;2.272;323;ANA (backfill manual)
2024-03-27;2.270;2.202;2.202;320;ANA (backfill manual)
2024-03-28;2.200;2.133;2.133;273;ANA (backfill manual)
2024-03-29;2.131;2.095;2.095;269;ANA (backfill manual)
2024-03-30;2.095;2.057;2.057;254;ANA (backfill manual)
2024-03-31;2.054;1.999;1.999;250;ANA (backfill manual)
2024-04-01;1.996;1.938;1.938;224;ANA (backfill manual)
2024-04-02;1.935;1.903;1.903;218;ANA (backfill manual)
2024-04-03;1.901;1.872;1.872;206;ANA (backfill manual)
2024-04-04;1.871;1.843;1.843;199;ANA (backfill manual)
2024-04-05;1.841;1.818;1.837;192;ANA (backfill manual)
2024-04-06;1.877;1.841;1.841;195;ANA (backfill manual)
2024-04-07;1.841;1.825;1.825;192;ANA (backfill manual)
2024-04-08;1.847;1.821;1.844;199;ANA (backfill manual)
2024-04-09;1.855;1.843;1.855;202;ANA (backfill manual)
2024-04-10;1.897;1.858;1.897;216;ANA (backfill manual)
2024-04-11;1.933;1.899;1.933;226;ANA (backfill manual)
2024-04-12;1.949;1.934;1.946;232;ANA (backfill manual)
2024-04-13;1.946;1.926;1.927;225;ANA (backfill manual)
2024-04-14;1.969;1.919;1.969;231;ANA (backfill manual)
2024-04-15;2.298;1.971;2.298;337;ANA (backfill manual)
2024-04-16;3.057;2.328;3.057;600;ANA (backfill manual)
2024-04-17;3.610;3.104;3.610;;ANA (backfill manual)
2024-04-18;3.643;3.616;3.619;830;ANA (backfill manual)
2024-04-19;3.616;3.542;3.542;788;ANA (backfill manual)
2024-04-20;3.539;3.450;3.450;790;ANA (backfill manual)
2024-04-21;3.445;3.352;3.352;724;ANA (backfill manual)
2024-04-22;3.347;3.262;3.262;680;ANA (backfill manual)
2024-04-23;3.264;3.201;3.201;657;ANA (backfill manual)
2024-04-24;3.198;3.151;3.151;636;ANA (backfill manual)
2024-04-25;3.149;3.119;3.119;625;ANA (backfill manual)
2024-04-26;3.116;3.051;3.051;596;ANA (backfill manual)
2024-04-27;3.047;2.936;2.936;561;ANA (backfill manual)
2024-04-28;2.931;2.886;2.929;552;ANA (backfill manual)
2024-04-29;2.936;2.908;2.908;547;ANA (backfill manual)
2024-04-30;2.905;2.825;2.825;520;ANA (backfill manual)
2024-05-01;2.822;2.775;2.775;504;ANA (backfill manual)
2024-05-02;2.776;2.763;2.776;499;ANA (backfill manual)
2024-05-03;3.132;2.784;3.132;;ANA (backfill manual)
2024-05-04;3.627;3.160;3.627;795;ANA (backfill manual)
2024-05-05;3.637;3.555;3.555;797;ANA (backfill manual)
2024-05-06;3.548;3.405;3.405;738;ANA (backfill manual)
2024-05-07;3.401;3.322;3.322;701;ANA (backfill manual)
2024-05-08;3.320;3.233;3.233;680;ANA (backfill manual)
2024-05-09;3.228;3.106;3.106;;ANA (backfill manual)
2024-05-10;3.102;2.950;2.950;605;ANA (backfill manual)
2024-05-11;2.944;2.771;2.771;503;ANA (backfill manual)
2024-05-12;2.763;2.588;2.588;489;ANA (backfill manual)
2024-05-13;2.581;2.456;2.456;406;ANA (backfill manual)
2024-05-14;2.453;2.429;2.436;390;ANA (backfill manual)
2024-05-15;2.440;2.393;2.393;378;ANA (backfill manual)
2024-05-16;2.390;2.328;2.328;373;ANA (backfill manual)
2024-05-17;2.326;2.311;2.320;;ANA (backfill manual)
2024-05-18;2.458;2.320;2.458;374;ANA (backfill manual)
2024-05-19;3.345;2.492;3.345;678;ANA (backfill manual)
2024-05-20;3.428;3.357;3.427;745;ANA (backfill manual)
2024-05-21;3.426;3.340;3.340;753;ANA (backfill manual)
2024-05-22;3.334;3.259;3.259;685;ANA (backfill manual)
2024-05-23;3.301;3.253;3.301;700;ANA (backfill manual)
2024-05-24;4.032;3.313;4.032;1002;ANA (backfill manual)
2024-05-25;4.263;4.054;4.263;1105;ANA (backfill manual)
2024-05-26;4.270;4.247;4.247;1100;ANA (backfill manual)
2024-05-27;4.350;4.246;4.350;1142;ANA (backfill manual)
2024-05-28;4.468;4.357;4.468;1199;ANA (backfill manual)
2024-05-29;4.490;4.470;4.489;1206;ANA (backfill manual)
2024-05-30;4.489;4.487;4.488;1203;ANA (backfill manual)
2024-05-31;4.491;4.487;4.487;1201;ANA (backfill manual)
2024-06-01;4.492;4.486;4.487;1196;ANA (backfill manual)
2024-06-02;4.485;4.442;4.442;1177;ANA (backfill manual)
2024-06-03;4.441;4.381;4.381;1149;ANA (backfill manual)
2024-06-04;4.379;4.282;4.282;1103;ANA (backfill manual)
2024-06-05;4.278;4.167;4.167;1049;ANA (backfill manual)
2024-06-06;4.162;4.025;4.025;980;ANA (backfill manual)
2024-06-07;4.016;3.828;3.828;890;ANA (backfill manual)
2024-06-08;3.818;3.572;3.572;769;ANA (backfill manual)
2024-06-09;3.559;3.295;3.295;656;ANA (backfill manual)
2024-06-10;3.281;3.061;3.061;559;ANA (backfill manual)
2024-06-11;3.048;2.788;2.788;488;ANA (backfill manual)
2024-06-12;2.776;2.579;2.579;433;ANA (backfill manual)
2024-06-13;2.571;2.442;2.442;390;ANA (backfill manual)
2024-06-14;2.437;2.353;2.353;361;ANA (backfill manual)
2024-06-15;2.349;2.285;2.285;341;ANA (backfill manual)
2024-06-16;2.282;2.228;2.228;319;ANA (backfill manual)
2024-06-17;2.235;2.220;2.235;323;ANA (backfill manual)
2024-06-18;2.242;2.235;2.240;323;ANA (backfill manual)
2024-06-19;2.239;2.193;2.193;304;ANA (backfill manual)
2024-06-20;2.190;2.139;2.139;285;ANA (backfill manual)
2024-06-21;2.137;2.096;2.096;273;ANA (backfill manual)
2024-06-22;2.095;2.059;2.059;262;ANA (backfill manual)
2024-06-23;2.058;2.022;2.022;250;ANA (backfill manual)
2024-06-24;2.213;2.008;2.213;317;ANA (backfill manual)
2024-06-25;2.621;2.236;2.619;453;ANA (backfill manual)
2024-06-26;2.617;2.585;2.602;446;ANA (backfill manual)
2024-06-27;2.655;2.604;2.655;468;ANA (backfill manual)
2024-06-28;2.705;2.656;2.705;485;ANA (backfill manual)
2024-06-29;2.708;2.683;2.683;475;ANA (backfill manual)
2024-06-30;2.679;2.603;2.603;447;ANA (backfill manual)
2024-07-01;2.598;2.506;2.506;416;ANA (backfill manual)
2024-07-02;2.502;2.409;2.409;383;ANA (backfill manual)
2024-07-03;2.406;2.319;2.319;351;ANA (backfill manual)
2024-07-04;2.315;2.235;2.235;323;ANA (backfill manual)
2024-07-05;2.233;2.156;2.156;292;ANA (backfill manual)
2024-07-06;2.151;2.088;2.090;269;ANA (backfill manual)
2024-07-07;2.106;2.061;2.106;278;ANA (backfill manual)
2024-07-08;2.441;2.115;2.441;394;ANA (backfill manual)
2024-07-09;2.498;2.450;2.498;411;ANA (backfill manual)
2024-07-10;2.707;2.507;2.707;485;ANA (backfill manual)
2024-07-11;3.066;2.714;3.066;605;ANA (backfill manual)
2024-07-12;3.934;3.106;3.934;957;ANA (backfill manual)
2024-07-13;4.246;3.951;4.246;1100;ANA (backfill manual)
2024-07-14;4.686;4.268;4.686;1300;ANA (backfill manual)
2024-07-15;4.873;4.698;4.873;1392;ANA (backfill manual)
2024-07-16;4.976;4.878;4.976;1449;ANA (backfill manual)
2024-07-17;5.013;4.979;5.013;1464;ANA (backfill manual)
2024-07-18;5.013;4.983;4.983;1449;ANA (backfill manual)
2024-07-19;4.981;4.930;4.930;1425;ANA (backfill manual)
2024-07-20;4.928;4.876;4.876;1400;ANA (backfill manual)
2024-07-21;4.874;4.835;4.835;1380;ANA (backfill manual)
2024-07-22;4.834;4.793;4.793;1355;ANA (backfill manual)
2024-07-23;4.792;4.747;4.747;1334;ANA (backfill manual)
2024-07-24;4.745;4.687;4.687;1304;ANA (backfill manual)
2024-07-25;4.685;4.603;4.603;1262;ANA (backfill manual)
2024-07-26;4.598;4.480;4.480;1206;ANA (backfill manual)
2024-07-27;4.474;4.296;4.296;1124;ANA (backfill manual)
2024-07-28;4.286;4.027;4.027;997;ANA (backfill manual)
2024-07-29;4.019;3.930;3.930;947;ANA (backfill manual)
2024-07-30;3.925;3.648;3.648;830;ANA (backfill manual)
2024-07-31;3.634;3.379;3.379;719;ANA (backfill manual)
2024-08-01;3.370;3.185;3.185;650;ANA (backfill manual)
2024-08-02;3.178;3.055;3.055;598;ANA (backfill manual)
2024-08-03;3.050;2.931;2.931;552;ANA (backfill manual)
2024-08-04;2.926;2.819;2.819;509;ANA (backfill manual)
2024-08-05;2.813;2.691;2.691;470;ANA (backfill manual)
2024-08-06;2.686;2.581;2.581;435;ANA (backfill manual)
2024-08-07;2.578;2.494;2.494;406;ANA (backfill manual)
2024-08-08;2.493;2.420;2.420;385;ANA (backfill manual)
2024-08-09;2.417;2.359;2.359;364;ANA (backfill manual)
2024-08-10;2.357;2.308;2.308;347;ANA (backfill manual)
2024-08-11;2.306;2.261;2.261;330;ANA (backfill manual)
2024-08-12;2.258;2.210;2.210;311;ANA (backfill manual)
2024-08-13;2.208;2.164;2.164;293;ANA (backfill manual)
2024-08-14;2.162;2.128;2.128;284;ANA (backfill manual)
2024-08-15;2.127;2.099;2.099;275;ANA (backfill manual)
2024-08-16;2.098;2.065;2.065;266;ANA (backfill manual)
2024-08-17;2.062;2.030;2.030;254;ANA (backfill manual)
2024-08-18;2.029;2.003;2.003;245;ANA (backfill manual)
2024-08-19;2.002;1.980;1.980;239;ANA (backfill manual)
2024-08-20;1.978;1.950;1.950;231;ANA (backfill manual)
2024-08-21;1.949;1.928;1.928;225;ANA (backfill manual)
2024-08-22;1.927;1.909;1.909;219;ANA (backfill manual)
2024-08-23;1.912;1.898;1.911;218;ANA (backfill manual)
2024-08-24;1.918;1.910;1.918;222;ANA (backfill manual)
2024-08-25;1.926;1.919;1.925;225;ANA (backfill manual)
2024-08-26;1.926;1.923;1.923;222;ANA (backfill manual)
2024-08-27;1.932;1.923;1.932;225;ANA (backfill manual)
2024-08-28;1.945;1.931;1.945;230;ANA (backfill manual)
2024-08-29;1.961;1.946;1.961;233;ANA (backfill manual)
2024-08-30;1.963;1.954;1.954;230;ANA (backfill manual)
2024-08-31;1.953;1.926;1.926;224;ANA (backfill manual)
2024-09-01;1.924;1.890;1.890;212;ANA (backfill manual)
2024-09-02;1.888;1.843;1.843;196;ANA (backfill manual)
2024-09-03;1.841;1.805;1.805;185;ANA (backfill manual)
2024-09-04;1.804;1.777;1.777;174;ANA (backfill manual)
2024-09-05;1.779;1.762;1.762;168;ANA (backfill manual)
2024-09-06;1.761;1.744;1.744;161;ANA (backfill manual)
2024-09-07;1.744;1.734;1.734;158;ANA (backfill manual)
2024-09-08;1.734;1.723;1.723;161;ANA (backfill manual)
2024-09-09;1.723;1.710;1.710;158;ANA (backfill manual)
2024-09-10;1.712;1.370;1.709;158;ANA (backfill manual)
2024-09-11;1.708;1.693;1.699;154;ANA (backfill manual)
2024-09-12;1.698;1.674;1.674;145;ANA (backfill manual)
2024-09-13;1.684;1.657;1.665;145;ANA (backfill manual)
2024-09-14;1.839;1.659;1.839;196;ANA (backfill manual)
2024-09-15;2.084;1.849;2.084;275;ANA (backfill manual)
2024-09-16;2.389;2.102;2.389;371;ANA (backfill manual)
2024-09-17;2.789;2.403;2.789;502;ANA (backfill manual)
2024-09-18;3.092;2.807;3.092;608;ANA (backfill manual)
2024-09-19;3.273;3.113;3.273;681;ANA (backfill manual)
2024-09-20;3.453;3.280;3.453;751;ANA (backfill manual)
2024-09-21;3.527;3.472;3.511;771;ANA (backfill manual)
2024-09-22;3.507;3.392;3.392;726;ANA (backfill manual)
2024-09-23;3.388;3.293;3.293;686;ANA (backfill manual)
2024-09-24;3.289;3.209;3.209;656;ANA (backfill manual)
2024-09-25;3.205;3.103;3.103;611;ANA (backfill manual)
2024-09-26;3.097;2.967;2.967;562;ANA (backfill manual)
2024-09-27;2.960;2.810;2.810;507;ANA (backfill manual)
2024-09-28;2.804;2.643;2.643;450;ANA (backfill manual)
2024-09-29;2.629;2.487;2.487;399;ANA (backfill manual)
2024-09-30;2.482;2.361;2.361;356;ANA (backfill manual)
2024-10-01;2.356;2.259;2.259;323;ANA (backfill manual)
2024-10-02;2.256;2.205;2.221;307;ANA (backfill manual)
2024-10-03;2.286;2.227;2.286;332;ANA (backfill manual)
2024-10-04;2.300;2.259;2.259;323;ANA (backfill manual)
2024-10-05;2.259;2.244;2.258;323;ANA (backfill manual)
2024-10-06;2.267;2.257;2.266;327;ANA (backfill manual)
2024-10-07;2.267;2.243;2.250;319;ANA (backfill manual)
2024-10-08;2.249;2.232;2.243;315;ANA (backfill manual)
2024-10-09;2.414;2.239;2.414;370;ANA (backfill manual)
2024-10-10;2.641;2.430;2.641;448;ANA (backfill manual)
2024-10-11;2.871;2.643;2.871;523;ANA (backfill manual)
2024-10-12;3.287;2.897;3.287;684;ANA (backfill manual)
2024-10-13;3.288;3.263;3.264;672;ANA (backfill manual)
2024-10-14;3.280;3.264;3.273;677;ANA (backfill manual)
2024-10-15;3.272;3.224;3.224;658;ANA (backfill manual)
2024-10-16;3.220;3.120;3.120;619;ANA (backfill manual)
2024-10-17;3.115;3.000;3.000;573;ANA (backfill manual)
2024-10-18;2.995;2.873;2.873;527;ANA (backfill manual)
2024-10-19;2.867;2.782;2.786;500;ANA (backfill manual)
2024-10-20;2.767;2.657;2.657;455;ANA (backfill manual)
2024-10-21;2.648;2.539;2.539;415;ANA (backfill manual)
2024-10-22;2.535;2.474;2.474;392;ANA (backfill manual)
2024-10-23;2.476;2.447;2.476;394;ANA (backfill manual)
2024-10-24;2.558;2.476;2.558;420;ANA (backfill manual)
2024-10-25;2.795;2.570;2.795;504;ANA (backfill manual)
2024-10-26;2.887;2.802;2.887;536;ANA (backfill manual)
2024-10-27;2.929;2.889;2.922;544;ANA (backfill manual)
2024-10-28;2.929;2.909;2.909;541;ANA (backfill manual)
2024-10-29;2.908;2.842;2.842;516;ANA (backfill manual)
2024-10-30;2.836;2.723;2.723;473;ANA (backfill manual)
2024-10-31;2.719;2.600;2.600;434;ANA (backfill manual)
2024-11-01;2.595;2.474;2.474;390;ANA (backfill manual)
2024-11-02;2.471;2.373;2.373;359;ANA (backfill manual)
2024-11-03;2.367;2.327;2.344;349;ANA (backfill manual)
2024-11-04;2.410;2.346;2.410;374;ANA (backfill manual)
2024-11-05;2.532;2.413;2.532;412;ANA (backfill manual)
2024-11-06;2.682;2.537;2.682;466;ANA (backfill manual)
2024-11-07;3.692;2.691;3.692;845;ANA (backfill manual)
2024-11-08;4.059;3.736;4.059;1000;ANA (backfill manual)
2024-11-09;4.059;4.005;4.005;981;ANA (backfill manual)
2024-11-10;4.017;3.996;4.017;989;ANA (backfill manual)
2024-11-11;4.047;4.015;4.047;1002;ANA (backfill manual)
2024-11-12;4.054;4.047;4.050;1000;ANA (backfill manual)
2024-11-13;4.049;4.011;4.011;984;ANA (backfill manual)
2024-11-14;4.001;3.877;3.877;925;ANA (backfill manual)
2024-11-15;3.869;3.663;3.663;834;ANA (backfill manual)
2024-11-16;3.651;3.409;3.409;731;ANA (backfill manual)
2024-11-17;3.396;3.167;3.167;638;ANA (backfill manual)
2024-11-18;3.164;2.980;2.980;566;ANA (backfill manual)
2024-11-19;2.974;2.824;2.828;514;ANA (backfill manual)
2024-11-20;2.825;2.674;2.674;455;ANA (backfill manual)
2024-11-21;2.669;2.562;2.562;420;ANA (backfill manual)
2024-11-22;2.557;2.475;2.477;394;ANA (backfill manual)
2024-11-23;2.474;2.405;2.405;368;ANA (backfill manual)
2024-11-24;2.406;2.353;2.353;352;ANA (backfill manual)
2024-11-25;2.354;2.310;2.310;340;ANA (backfill manual)
2024-11-26;2.307;2.245;2.245;319;ANA (backfill manual)
2024-11-27;2.242;2.184;2.190;296;ANA (backfill manual)
2024-11-28;2.330;2.186;2.330;343;ANA (backfill manual)
2024-11-29;2.522;2.341;2.522;408;ANA (backfill manual)
2024-11-30;2.652;2.528;2.652;452;ANA (backfill manual)
2024-12-01;2.727;2.652;2.727;482;ANA (backfill manual)
2024-12-02;2.740;2.724;2.724;475;ANA (backfill manual)
2024-12-03;2.722;2.642;2.642;448;ANA (backfill manual)
2024-12-04;2.640;2.581;2.640;448;ANA (backfill manual)
2024-12-05;2.672;2.623;2.623;441;ANA (backfill manual)
2024-12-06;2.618;2.515;2.522;408;ANA (backfill manual)
2024-12-07;3.436;2.520;3.436;739;ANA (backfill manual)
2024-12-08;4.284;3.503;4.284;1096;ANA (backfill manual)
2024-12-09;4.731;4.304;4.731;1307;ANA (backfill manual)
2024-12-10;5.096;4.751;5.096;1492;ANA (backfill manual)
2024-12-11;5.198;5.103;5.198;1545;ANA (backfill manual)
2024-12-12;5.230;5.204;5.229;1564;ANA (backfill manual)
2024-12-13;5.230;5.190;5.190;1543;ANA (backfill manual)
2024-12-14;5.239;5.187;5.239;1570;ANA (backfill manual)
2024-12-15;5.269;5.240;5.269;1586;ANA (backfill manual)
2024-12-16;5.311;5.272;5.311;1610;ANA (backfill manual)
2024-12-17;5.371;5.313;5.371;1643;ANA (backfill manual)
2024-12-18;5.425;5.372;5.425;1676;ANA (backfill manual)
2024-12-19;5.468;5.428;5.468;1697;ANA (backfill manual)
2024-12-20;5.487;5.467;5.481;1702;ANA (backfill manual)
2024-12-21;5.479;5.435;5.454;1685;ANA (backfill manual)
2024-12-22;5.449;5.369;5.369;1643;ANA (backfill manual)
2024-12-23;5.367;5.254;5.254;1576;ANA (backfill manual)
2024-12-24;5.246;5.089;5.089;1492;ANA (backfill manual)
2024-12-25;5.079;4.909;4.909;1401;ANA (backfill manual)
2024-12-26;4.902;4.739;4.739;1313;ANA (backfill manual)
2024-12-27;4.731;4.518;4.518;1203;ANA (backfill manual)
2024-12-28;4.508;4.251;4.251;1077;ANA (backfill manual)
2024-12-29;4.241;3.913;3.913;924;ANA (backfill manual)
2024-12-30;3.897;3.475;3.475;740;ANA (backfill manual)
2024-12-31;3.456;3.066;3.066;582;ANA (backfill manual)
2025-01-01;3.048;2.880;2.880;498;ANA (backfill manual)
2025-01-02;2.873;2.813;2.813;464;ANA (backfill manual)
2025-01-03;2.844;2.790;2.838;480;ANA (backfill manual)
2025-01-04;2.836;2.807;2.807;475;ANA (backfill manual)
2025-01-05;2.804;2.758;2.765;464;ANA (backfill manual)
2025-01-06;2.762;2.652;2.652;439;ANA (backfill manual)
2025-01-07;2.642;2.512;2.512;396;ANA (backfill manual)
2025-01-08;2.510;2.402;2.402;366;ANA (backfill manual)
2025-01-09;2.403;2.293;2.293;330;ANA (backfill manual)
2025-01-10;2.289;2.226;2.229;311;ANA (backfill manual)
2025-01-11;2.226;2.176;2.176;292;ANA (backfill manual)
2025-01-12;2.177;2.152;2.152;282;ANA (backfill manual)
2025-01-13;2.155;2.124;2.131;277;ANA (backfill manual)
2025-01-14;2.122;2.090;2.090;263;ANA (backfill manual)
2025-01-15;2.094;2.060;2.060;255;ANA (backfill manual)
2025-01-16;2.058;2.028;2.028;247;ANA (backfill manual)
2025-01-17;2.035;2.007;2.007;243;ANA (backfill manual)
2025-01-18;2.071;1.981;2.067;264;ANA (backfill manual)
2025-01-19;2.064;2.001;2.021;248;ANA (backfill manual)
2025-01-20;2.028;2.008;2.023;248;ANA (backfill manual)
2025-01-21;2.038;2.024;2.031;252;ANA (backfill manual)
2025-01-22;2.064;2.013;2.064;262;ANA (backfill manual)
2025-01-23;2.097;2.056;2.097;276;ANA (backfill manual)
2025-01-24;2.173;2.100;2.173;300;ANA (backfill manual)
2025-01-25;2.314;2.177;2.314;338;ANA (backfill manual)
2025-01-26;2.395;2.318;2.395;370;ANA (backfill manual)
2025-01-27;2.415;2.391;2.414;372;ANA (backfill manual)
2025-01-28;2.414;2.379;2.400;368;ANA (backfill manual)
2025-01-29;2.398;2.356;2.358;356;ANA (backfill manual)
2025-01-30;2.356;2.313;2.346;353;ANA (backfill manual)
2025-01-31;2.362;2.338;2.362;354;ANA (backfill manual)
2025-02-01;2.417;2.370;2.412;370;ANA (backfill manual)
2025-02-02;2.429;2.418;2.425;375;ANA (backfill manual)
2025-02-03;2.476;2.426;2.476;396;ANA (backfill manual)
2025-02-04;2.525;2.481;2.525;412;ANA (backfill manual)
2025-02-05;2.620;2.526;2.620;443;ANA (backfill manual)
2025-02-06;2.641;2.605;2.633;444;ANA (backfill manual)
2025-02-07;2.799;2.646;2.799;504;ANA (backfill manual)
2025-02-08;2.867;2.810;2.867;527;ANA (backfill manual)
2025-02-09;2.866;2.813;2.813;505;ANA (backfill manual)
2025-02-10;2.808;2.706;2.706;473;ANA (backfill manual)
2025-02-11;2.701;2.616;2.616;443;ANA (backfill manual)
2025-02-12;2.613;2.554;2.554;418;ANA (backfill manual)
2025-02-13;2.551;2.482;2.482;394;ANA (backfill manual)
2025-02-14;2.480;2.448;2.448;386;ANA (backfill manual)
2025-02-15;2.445;2.405;2.407;372;ANA (backfill manual)
2025-02-16;2.407;2.385;2.404;370;ANA (backfill manual)
2025-02-17;2.486;2.394;2.486;399;ANA (backfill manual)
2025-02-18;2.675;2.491;2.668;459;ANA (backfill manual)
2025-02-19;2.771;2.676;2.753;484;ANA (backfill manual)
2025-02-20;2.749;2.703;2.722;477;ANA (backfill manual)
2025-02-21;2.819;2.725;2.819;511;ANA (backfill manual)
2025-02-22;2.891;2.823;2.891;534;ANA (backfill manual)
2025-02-23;2.892;2.851;2.851;518;ANA (backfill manual)
2025-02-24;2.846;2.758;2.758;489;ANA (backfill manual)
2025-02-25;2.750;2.651;2.651;447;ANA (backfill manual)
2025-02-26;2.644;2.532;2.532;419;ANA (backfill manual)
2025-02-27;2.528;2.432;2.432;374;ANA (backfill manual)
2025-02-28;2.485;2.412;2.485;395;ANA (backfill manual)
2025-03-01;2.496;2.472;2.476;391;ANA (backfill manual)
2025-03-02;2.474;2.404;2.404;364;ANA (backfill manual)
2025-03-03;2.400;2.332;2.332;342;ANA (backfill manual)
2025-03-04;2.329;2.256;2.256;319;ANA (backfill manual)
2025-03-05;2.244;2.158;2.158;280;ANA (backfill manual)
2025-03-06;2.159;2.045;2.045;243;ANA (backfill manual)
2025-03-07;2.054;1.962;1.962;218;ANA (backfill manual)
2025-03-08;1.965;1.893;1.893;208;ANA (backfill manual)
2025-03-09;1.892;1.832;1.835;195;ANA (backfill manual)
2025-03-10;1.834;1.780;1.780;173;ANA (backfill manual)
2025-03-11;1.781;1.758;1.767;170;ANA (backfill manual)
2025-03-12;1.767;1.741;1.742;160;ANA (backfill manual)
2025-03-13;1.795;1.747;1.795;181;ANA (backfill manual)
2025-03-14;1.914;1.801;1.914;219;ANA (backfill manual)
2025-03-15;2.002;1.920;1.998;246;ANA (backfill manual)
2025-03-16;2.028;1.996;2.027;256;ANA (backfill manual)
2025-03-17;2.030;2.017;2.023;251;ANA (backfill manual)
2025-03-18;2.022;1.995;1.999;244;ANA (backfill manual)
2025-03-19;1.999;1.979;1.982;238;ANA (backfill manual)
2025-03-20;1.980;1.960;1.970;235;ANA (backfill manual)
2025-03-21;1.969;1.952;1.954;229;ANA (backfill manual)
2025-03-22;1.953;1.920;1.920;221;ANA (backfill manual)
2025-03-23;1.911;1.861;1.870;206;ANA (backfill manual)
2025-03-24;1.869;1.831;1.862;203;ANA (backfill manual)
2025-03-25;1.864;1.812;1.836;196;ANA (backfill manual)
2025-03-26;1.852;1.825;1.825;192;ANA (backfill manual)
2025-03-27;1.901;1.829;1.901;216;ANA (backfill manual)
2025-03-28;2.206;1.916;2.206;317;ANA (backfill manual)
2025-03-29;2.270;2.220;2.240;327;ANA (backfill manual)
2025-03-30;2.238;2.129;2.129;282;ANA (backfill manual)
2025-03-31;2.117;2.010;2.010;240;ANA (backfill manual)
2025-04-01;2.007;1.902;1.902;212;ANA (backfill manual)
2025-04-02;1.898;1.858;1.858;203;ANA (backfill manual)
2025-04-03;1.856;1.833;1.843;196;ANA (backfill manual)
2025-04-04;1.843;1.814;1.815;188;ANA (backfill manual)
2025-04-05;1.820;1.767;1.767;170;ANA (backfill manual)
2025-04-06;1.766;1.727;1.727;156;ANA (backfill manual)
2025-04-07;1.725;1.693;1.693;141;ANA (backfill manual)
2025-04-08;1.750;1.688;1.750;164;ANA (backfill manual)
2025-04-09;1.803;1.747;1.803;181;ANA (backfill manual)
2025-04-10;1.831;1.804;1.823;188;ANA (backfill manual)
2025-04-11;1.833;1.822;1.823;188;ANA (backfill manual)
2025-04-12;1.831;1.817;1.831;192;ANA (backfill manual)
2025-04-13;1.993;1.822;1.993;243;ANA (backfill manual)
2025-04-14;2.092;1.999;2.092;278;ANA (backfill manual)
2025-04-15;2.097;2.067;2.067;268;ANA (backfill manual)
2025-04-16;2.064;2.026;2.035;256;ANA (backfill manual)
2025-04-17;2.033;2.014;2.031;251;ANA (backfill manual)
2025-04-18;2.049;2.033;2.049;257;ANA (backfill manual)
2025-04-19;2.050;2.024;2.033;251;ANA (backfill manual)
2025-04-20;2.031;1.977;1.977;235;ANA (backfill manual)
2025-04-21;1.976;1.910;1.910;217;ANA (backfill manual)
2025-04-22;1.909;1.860;1.860;203;ANA (backfill manual)
2025-04-23;1.861;1.815;1.815;188;ANA (backfill manual)
2025-04-24;1.813;1.784;1.784;174;ANA (backfill manual)
2025-04-25;1.783;1.739;1.745;163;ANA (backfill manual)
2025-04-26;1.743;1.711;1.711;149;ANA (backfill manual)
2025-04-27;1.711;1.694;1.699;146;ANA (backfill manual)
2025-04-28;1.697;1.679;1.682;140;ANA (backfill manual)
2025-04-29;1.673;1.673;1.673;141;Interpolado (sensor com erro)
2025-04-30;1.664;1.664;1.664;141;Interpolado (sensor com erro)
2025-05-01;1.655;1.655;1.655;142;ANA (backfill manual)
2025-05-02;1.624;1.624;1.624;129;ANA (backfill manual)
2025-05-03;1.610;1.610;1.610;126;ANA (backfill manual)
2025-05-04;1.602;1.601;1.602;123;ANA (backfill manual)
2025-05-05;1.587;1.587;1.587;118;Interpolado (sensor com erro)
2025-05-06;1.578;1.570;1.573;113;ANA (backfill manual)
2025-05-07;1.571;1.564;1.564;110;ANA (backfill manual)
2025-05-08;1.566;1.566;1.566;113;ANA (backfill manual)
2025-05-09;1.542;1.542;1.542;104;ANA (backfill manual)
2025-05-10;1.582;1.574;1.582;116;ANA (backfill manual)
2025-05-11;1.583;1.569;1.570;113;ANA (backfill manual)
2025-05-12;1.577;1.566;1.566;113;ANA (backfill manual)
2025-05-13;1.569;1.561;1.569;113;ANA (backfill manual)
2025-05-14;1.568;1.552;1.558;110;ANA (backfill manual)
2025-05-15;1.565;1.552;1.552;107;ANA (backfill manual)
2025-05-16;1.562;1.546;1.557;110;ANA (backfill manual)
2025-05-17;1.556;1.535;1.542;104;ANA (backfill manual)
2025-05-18;1.541;1.518;1.524;97;ANA (backfill manual)
2025-05-19;1.524;1.509;1.524;97;ANA (backfill manual)
2025-05-20;1.525;1.507;1.525;100;ANA (backfill manual)
2025-05-21;1.538;1.518;1.527;100;ANA (backfill manual)
2025-05-22;1.591;1.531;1.591;120;ANA (backfill manual)
2025-05-23;1.707;1.592;1.707;158;ANA (backfill manual)
2025-05-24;1.811;1.719;1.811;188;ANA (backfill manual)
2025-05-25;1.819;1.803;1.814;188;ANA (backfill manual)
2025-05-26;1.825;1.802;1.825;192;ANA (backfill manual)
2025-05-27;1.850;1.827;1.850;199;ANA (backfill manual)
2025-05-28;1.888;1.842;1.886;213;ANA (backfill manual)
2025-05-29;1.901;1.888;1.899;216;ANA (backfill manual)
2025-05-30;1.897;1.842;1.842;196;ANA (backfill manual)
2025-05-31;1.841;1.773;1.773;170;ANA (backfill manual)
2025-06-01;1.770;1.721;1.721;153;ANA (backfill manual)
2025-06-02;1.718;1.680;1.681;139;ANA (backfill manual)
2025-06-03;1.678;1.646;1.646;139;ANA (backfill manual)
2025-06-04;1.645;1.625;1.635;135;ANA (backfill manual)
2025-06-05;1.823;1.623;1.823;188;ANA (backfill manual)
2025-06-06;2.178;1.839;2.178;300;ANA (backfill manual)
2025-06-07;2.270;2.185;2.270;324;ANA (backfill manual)
2025-06-08;2.541;2.284;2.541;408;ANA (backfill manual)
2025-06-09;2.646;2.545;2.646;449;ANA (backfill manual)
2025-06-10;2.748;2.652;2.748;481;ANA (backfill manual)
2025-06-11;2.775;2.751;2.773;487;ANA (backfill manual)
2025-06-12;2.771;2.727;2.727;474;ANA (backfill manual)
2025-06-13;2.724;2.642;2.642;442;ANA (backfill manual)
2025-06-14;2.637;2.533;2.533;405;ANA (backfill manual)
2025-06-15;2.538;2.516;2.529;405;ANA (backfill manual)
2025-06-16;2.527;2.490;2.490;393;ANA (backfill manual)
2025-06-17;2.489;2.462;2.462;382;ANA (backfill manual)
2025-06-18;2.460;2.398;2.398;364;ANA (backfill manual)
2025-06-19;2.395;2.318;2.318;337;ANA (backfill manual)
2025-06-20;2.309;2.244;2.244;310;ANA (backfill manual)
2025-06-21;2.242;2.189;2.189;293;ANA (backfill manual)
2025-06-22;2.187;2.162;2.168;288;ANA (backfill manual)
2025-06-23;2.993;2.170;2.993;559;ANA (backfill manual)
2025-06-24;3.226;3.023;3.210;644;ANA (backfill manual)
2025-06-25;3.205;3.151;3.169;632;ANA (backfill manual)
2025-06-26;3.817;3.172;3.817;884;ANA (backfill manual)
2025-06-27;4.306;3.859;4.306;1101;ANA (backfill manual)
2025-06-28;4.468;4.305;4.468;1173;ANA (backfill manual)
2025-06-29;4.564;4.472;4.564;1216;ANA (backfill manual)
2025-06-30;4.577;4.566;4.574;1222;ANA (backfill manual)
2025-07-01;4.574;4.530;4.530;1206;ANA (backfill manual)
2025-07-02;4.527;4.465;4.465;1180;ANA (backfill manual)
2025-07-03;4.461;4.387;4.387;1145;ANA (backfill manual)
2025-07-04;4.383;4.285;4.285;1101;ANA (backfill manual)
2025-07-05;4.281;4.146;4.146;1035;ANA (backfill manual)
2025-07-06;4.139;3.967;3.967;940;ANA (backfill manual)
2025-07-07;3.960;3.812;3.812;835;ANA (backfill manual)
2025-07-08;3.802;3.627;3.627;753;ANA (backfill manual)
2025-07-09;3.618;3.448;3.448;676;ANA (backfill manual)
2025-07-10;3.438;3.278;3.278;611;ANA (backfill manual)
2025-07-11;3.268;3.128;3.128;550;ANA (backfill manual)
2025-07-12;3.120;3.047;3.047;494;ANA (backfill manual)
2025-07-13;3.039;2.943;2.943;449;ANA (backfill manual)
2025-07-14;2.934;2.798;2.798;410;ANA (backfill manual)
2025-07-15;2.787;2.639;2.639;370;ANA (backfill manual)
2025-07-16;2.627;2.495;2.495;341;ANA (backfill manual)
2025-07-17;2.483;2.362;2.362;313;ANA (backfill manual)
2025-07-18;2.349;2.265;2.265;297;ANA (backfill manual)
2025-07-19;2.257;2.162;2.162;277;ANA (backfill manual)
2025-07-20;2.159;2.121;2.124;261;ANA (backfill manual)
2025-07-21;2.123;2.078;2.078;247;ANA (backfill manual)
2025-07-22;2.073;2.015;2.015;238;ANA (backfill manual)
2025-07-23;2.014;1.968;1.968;228;ANA (backfill manual)
2025-07-24;1.967;1.930;1.932;221;ANA (backfill manual)
2025-07-25;1.938;1.911;1.920;220;ANA (backfill manual)
2025-07-26;1.919;1.903;1.906;218;ANA (backfill manual)
2025-07-27;1.926;1.888;1.926;224;ANA (backfill manual)
2025-07-28;2.027;1.931;2.027;251;ANA (backfill manual)
2025-07-29;2.124;2.029;2.124;279;ANA (backfill manual)
2025-07-30;2.142;2.126;2.141;282;ANA (backfill manual)
2025-07-31;2.139;2.113;2.126;278;ANA (backfill manual)
2025-08-01;2.127;2.096;2.104;267;ANA (backfill manual)
2025-08-02;2.102;2.052;2.052;252;ANA (backfill manual)
2025-08-03;2.049;1.967;1.967;230;ANA (backfill manual)
2025-08-04;1.974;1.940;1.940;224;ANA (backfill manual)
2025-08-05;1.938;1.897;1.897;215;ANA (backfill manual)
2025-08-06;1.896;1.879;1.879;209;ANA (backfill manual)
2025-08-07;1.878;1.849;1.849;199;ANA (backfill manual)
2025-08-08;1.872;1.848;1.872;206;ANA (backfill manual)
2025-08-09;1.921;1.872;1.917;222;ANA (backfill manual)
2025-08-10;1.931;1.912;1.912;218;ANA (backfill manual)
2025-08-11;1.910;1.877;1.878;209;ANA (backfill manual)
2025-08-12;1.877;1.854;1.863;203;ANA (backfill manual)
2025-08-13;1.862;1.846;1.860;203;ANA (backfill manual)
2025-08-14;1.861;1.829;1.831;192;ANA (backfill manual)
2025-08-15;1.836;1.804;1.804;181;ANA (backfill manual)
2025-08-16;1.810;1.765;1.765;170;ANA (backfill manual)
2025-08-17;1.774;1.747;1.750;164;ANA (backfill manual)
2025-08-18;1.749;1.720;1.730;157;ANA (backfill manual)
2025-08-19;1.729;1.696;1.696;146;ANA (backfill manual)
2025-08-20;1.729;1.698;1.729;158;ANA (backfill manual)
2025-08-21;1.731;1.712;1.712;150;ANA (backfill manual)
2025-08-22;1.723;1.701;1.719;154;ANA (backfill manual)
2025-08-23;1.722;1.710;1.712;158;ANA (backfill manual)
2025-08-24;2.241;1.712;2.241;298;ANA (backfill manual)
2025-08-25;3.057;2.298;3.057;582;ANA (backfill manual)
2025-08-26;3.099;3.025;3.099;594;ANA (backfill manual)
2025-08-27;3.138;3.106;3.121;604;ANA (backfill manual)
2025-08-28;3.116;2.975;2.975;555;ANA (backfill manual)
2025-08-29;2.970;2.871;2.871;518;ANA (backfill manual)
2025-08-30;2.867;2.774;2.774;484;ANA (backfill manual)
2025-08-31;2.770;2.696;2.696;455;ANA (backfill manual)
2025-09-01;2.693;2.633;2.633;409;ANA (backfill manual)
2025-09-02;2.631;2.552;2.552;385;ANA (backfill manual)
2025-09-03;2.542;2.501;2.505;357;ANA (backfill manual)
2025-09-04;2.497;2.466;2.467;329;ANA (backfill manual)
2025-09-05;2.469;2.435;2.461;324;ANA (backfill manual)
2025-09-06;2.577;2.451;2.557;338;ANA (backfill manual)
2025-09-07;2.590;2.533;2.577;315;ANA (backfill manual)
2025-09-08;2.565;2.509;2.509;295;ANA (backfill manual)
2025-09-09;2.638;2.491;2.625;343;ANA (backfill manual)
2025-09-10;2.644;2.590;2.632;347;ANA (backfill manual)
2025-09-11;2.633;2.598;2.611;323;ANA (backfill manual)
2025-09-12;2.604;2.532;2.532;294;ANA (backfill manual)
2025-09-13;2.558;2.497;2.541;267;ANA (backfill manual)
2025-09-14;2.597;2.515;2.552;252;ANA (backfill manual)
2025-09-15;2.543;2.436;2.436;262;ANA (backfill manual)
2025-09-16;2.423;2.359;2.359;234;ANA (backfill manual)
2025-09-17;2.343;2.231;2.231;229;ANA (backfill manual)
2025-09-18;2.210;2.165;2.177;209;ANA (backfill manual)
2025-09-19;2.163;2.123;2.123;188;ANA (backfill manual)
2025-09-20;2.115;2.038;2.038;202;ANA (backfill manual)
2025-09-21;2.029;1.961;2.014;208;ANA (backfill manual)
2025-09-22;2.460;1.987;2.460;351;ANA (backfill manual)
2025-09-23;2.749;2.487;2.744;419;ANA (backfill manual)
2025-09-24;2.807;2.725;2.805;398;ANA (backfill manual)
2025-09-25;2.918;2.807;2.901;447;ANA (backfill manual)
2025-09-26;2.959;2.889;2.951;467;ANA (backfill manual)
2025-09-27;2.975;2.901;2.901;465;ANA (backfill manual)
2025-09-28;2.883;2.834;2.834;426;ANA (backfill manual)
2025-09-29;2.824;2.738;2.738;384;ANA (backfill manual)
2025-09-30;2.723;2.657;2.657;347;ANA (backfill manual)
2025-10-01;2.656;2.599;2.599;318;ANA (backfill manual)
2025-10-02;2.616;2.571;2.588;317;ANA (backfill manual)
2025-10-03;2.680;2.558;2.680;331;ANA (backfill manual)
2025-10-04;2.867;2.679;2.864;429;ANA (backfill manual)
2025-10-05;2.934;2.855;2.932;490;ANA (backfill manual)
2025-10-06;2.996;2.926;2.985;514;ANA (backfill manual)
2025-10-07;3.061;2.975;3.055;529;ANA (backfill manual)
2025-10-08;3.067;3.032;3.037;519;ANA (backfill manual)
2025-10-09;3.059;3.008;3.054;503;ANA (backfill manual)
2025-10-10;3.074;3.007;3.007;530;ANA (backfill manual)
2025-10-11;2.996;2.939;2.939;527;ANA (backfill manual)
2025-10-12;3.040;2.911;3.040;569;ANA (backfill manual)
2025-10-13;3.225;3.051;3.225;632;ANA (backfill manual)
2025-10-14;3.260;3.228;3.251;641;ANA (backfill manual)
2025-10-15;3.248;3.217;3.217;626;ANA (backfill manual)
2025-10-16;3.210;3.170;3.172;608;ANA (backfill manual)
2025-10-17;3.166;3.102;3.121;596;ANA (backfill manual)
2025-10-18;3.143;3.115;3.123;586;ANA (backfill manual)
2025-10-19;3.119;3.050;3.050;539;ANA (backfill manual)
2025-10-20;3.043;2.943;2.960;484;ANA (backfill manual)
2025-10-21;2.961;2.911;2.911;461;ANA (backfill manual)
2025-10-22;2.899;2.821;2.821;421;ANA (backfill manual)
2025-10-23;2.802;2.758;2.758;377;ANA (backfill manual)
2025-10-24;2.752;2.652;2.652;354;ANA (backfill manual)
2025-10-25;2.644;2.538;2.538;334;ANA (backfill manual)
2025-10-26;2.526;2.469;2.478;318;ANA (backfill manual)
2025-10-27;2.467;2.334;2.334;293;ANA (backfill manual)
2025-10-28;2.328;2.265;2.268;299;ANA (backfill manual)
2025-10-29;2.268;2.238;2.238;294;ANA (backfill manual)
2025-10-30;2.238;2.225;2.230;298;ANA (backfill manual)
2025-10-31;2.290;2.226;2.290;323;ANA (backfill manual)
2025-11-01;2.367;2.296;2.367;352;ANA (backfill manual)
2025-11-02;2.492;2.368;2.492;386;ANA (backfill manual)
2025-11-03;2.613;2.496;2.613;429;ANA (backfill manual)
2025-11-04;2.701;2.621;2.696;457;ANA (backfill manual)
2025-11-05;2.723;2.693;2.722;460;ANA (backfill manual)
2025-11-06;2.733;2.709;2.717;458;ANA (backfill manual)
2025-11-07;2.734;2.701;2.734;462;ANA (backfill manual)
2025-11-08;2.905;2.738;2.905;522;ANA (backfill manual)
2025-11-09;2.913;2.854;2.854;503;ANA (backfill manual)
2025-11-10;2.851;2.828;2.845;489;ANA (backfill manual)
2025-11-11;2.943;2.843;2.941;489;ANA (backfill manual)
2025-11-12;3.015;2.941;2.987;494;ANA (backfill manual)
2025-11-13;2.982;2.887;2.887;465;ANA (backfill manual)
2025-11-14;2.884;2.846;2.846;434;ANA (backfill manual)
2025-11-15;2.840;2.691;2.691;398;ANA (backfill manual)
2025-11-16;2.687;2.628;2.628;385;ANA (backfill manual)
2025-11-17;2.623;2.493;2.493;363;ANA (backfill manual)
2025-11-18;2.537;2.463;2.537;382;ANA (backfill manual)
2025-11-19;2.675;2.540;2.675;438;ANA (backfill manual)
2025-11-20;2.673;2.597;2.597;423;ANA (backfill manual)
2025-11-21;2.588;2.570;2.582;422;ANA (backfill manual)
2025-11-22;2.587;2.569;2.569;417;ANA (backfill manual)
2025-11-23;2.576;2.533;2.535;408;ANA (backfill manual)
2025-11-24;2.538;2.461;2.461;380;ANA (backfill manual)
2025-11-25;2.455;2.383;2.383;358;ANA (backfill manual)
2025-11-26;2.380;2.326;2.326;340;ANA (backfill manual)
2025-11-27;2.334;2.311;2.313;337;ANA (backfill manual)
2025-11-28;2.314;2.292;2.306;;ANA (backfill manual)
2025-11-29;2.307;2.283;2.284;335;ANA (backfill manual)
2025-11-30;2.283;2.221;2.221;;ANA (backfill manual)
2025-12-01;2.224;2.185;2.194;292;ANA (backfill manual)
2025-12-02;2.245;2.190;2.245;;ANA (backfill manual)
2025-12-03;2.331;2.251;2.322;328;ANA (backfill manual)
2025-12-04;2.314;2.240;2.247;317;ANA (backfill manual)
2025-12-05;2.236;2.213;2.220;302;ANA (backfill manual)
2025-12-06;2.223;2.208;2.223;302;ANA (backfill manual)
2025-12-07;2.223;2.172;2.172;288;ANA (backfill manual)
2025-12-08;2.178;2.114;2.127;270;ANA (backfill manual)
2025-12-09;2.219;2.128;2.219;;ANA (backfill manual)
2025-12-10;2.220;2.185;2.188;289;ANA (backfill manual)
2025-12-11;2.185;2.140;2.142;;ANA (backfill manual)
2025-12-12;2.183;2.142;2.183;;ANA (backfill manual)
2025-12-13;2.226;2.185;2.226;;ANA (backfill manual)
2025-12-14;2.236;2.218;2.222;313;ANA (backfill manual)
2025-12-15;2.220;2.150;2.157;;ANA (backfill manual)
2025-12-16;2.156;2.086;2.091;264;ANA (backfill manual)
2025-12-17;2.089;2.062;2.062;;ANA (backfill manual)
2025-12-18;2.063;2.026;2.027;;ANA (backfill manual)
2025-12-19;2.025;1.979;1.981;;ANA (backfill manual)
2025-12-20;1.986;1.958;1.958;;ANA (backfill manual)
2025-12-21;1.953;1.921;1.921;224;ANA (backfill manual)
2025-12-22;1.920;1.860;1.860;203;ANA (backfill manual)
2025-12-23;1.857;1.812;1.840;;ANA (backfill manual)
2025-12-24;1.838;1.786;1.788;192;ANA (backfill manual)
2025-12-25;1.791;1.764;1.778;;ANA (backfill manual)
2025-12-26;1.779;1.751;1.757;174;ANA (backfill manual)
2025-12-27;1.796;1.741;1.796;;ANA (backfill manual)
2025-12-28;1.797;1.780;1.788;181;ANA (backfill manual)
2025-12-29;1.786;1.750;1.765;174;ANA (backfill manual)
2025-12-30;1.990;1.772;1.990;229;ANA (backfill manual)
2025-12-31;2.101;2.008;2.077;;ANA (backfill manual)
2026-01-01;2.449;2.078;2.449;320;ANA (backfill manual)
2026-01-02;2.658;2.468;2.647;432;ANA (backfill manual)
2026-01-03;2.643;2.488;2.488;436;ANA (backfill manual)
2026-01-04;2.482;2.370;2.370;363;ANA (backfill manual)
2026-01-05;2.366;2.251;2.251;333;ANA (backfill manual)
2026-01-06;2.246;2.141;2.151;309;ANA (backfill manual)
2026-01-07;2.146;2.045;2.045;;ANA (backfill manual)
2026-01-08;2.041;1.950;1.950;;ANA (backfill manual)
2026-01-09;1.956;1.920;1.927;;ANA (backfill manual)
2026-01-10;1.962;1.922;1.962;225;ANA (backfill manual)
2026-01-11;2.009;1.963;2.009;237;ANA (backfill manual)
2026-01-12;2.009;1.986;1.997;;ANA (backfill manual)
2026-01-13;2.037;1.995;2.037;;ANA (backfill manual)
2026-01-14;2.070;2.040;2.070;;ANA (backfill manual)
2026-01-15;2.118;2.071;2.118;;ANA (backfill manual)
2026-01-16;2.189;2.115;2.189;;ANA (backfill manual)
2026-01-17;2.209;2.171;2.171;;ANA (backfill manual)
2026-01-18;2.165;2.093;2.093;294;ANA (backfill manual)
2026-01-19;2.100;2.056;2.061;;ANA (backfill manual)
2026-01-20;2.066;2.056;2.065;;ANA (backfill manual)
2026-01-21;2.073;2.062;2.069;;ANA (backfill manual)
2026-01-22;2.081;2.054;2.054;268;ANA (backfill manual)
2026-01-23;2.053;1.994;1.994;249;ANA (backfill manual)
2026-01-24;1.989;1.933;1.933;;ANA (backfill manual)
2026-01-25;1.927;1.872;1.872;;ANA (backfill manual)
2026-01-26;1.875;1.830;1.830;;ANA (backfill manual)
2026-01-27;1.837;1.786;1.786;192;ANA (backfill manual)
2026-01-28;1.789;1.738;1.739;167;ANA (backfill manual)
2026-01-29;1.735;1.699;1.715;;ANA (backfill manual)
2026-01-30;1.708;1.687;1.704;154;ANA (backfill manual)
2026-01-31;1.721;1.692;1.721;154;ANA (backfill manual)
2026-02-01;1.748;1.714;1.742;;ANA (backfill manual)
2026-02-02;1.835;1.750;1.835;190;ANA (backfill manual)
2026-02-03;1.904;1.835;1.904;205;ANA (backfill manual)
2026-02-04;1.905;1.895;1.898;214;ANA (backfill manual)
2026-02-05;1.897;1.866;1.871;208;ANA (backfill manual)
2026-02-06;1.869;1.836;1.840;199;ANA (backfill manual)
2026-02-07;1.908;1.831;1.908;214;ANA (backfill manual)
2026-02-08;1.970;1.901;1.970;229;ANA (backfill manual)
2026-02-09;1.987;1.962;1.987;242;ANA (backfill manual)
2026-02-10;1.991;1.979;1.988;245;ANA (backfill manual)
2026-02-11;1.987;1.963;1.969;242;ANA (backfill manual)
2026-02-12;1.970;1.951;1.962;237;ANA (backfill manual)
2026-02-13;1.974;1.923;1.974;;ANA (backfill manual)
2026-02-14;2.126;1.978;2.126;249;ANA (backfill manual)
2026-02-15;2.193;2.130;2.178;;ANA (backfill manual)
2026-02-16;2.175;2.122;2.134;303;ANA (backfill manual)
2026-02-17;2.196;2.114;2.196;291;ANA (backfill manual)
2026-02-18;2.288;2.199;2.288;340;ANA (backfill manual)
2026-02-19;2.291;2.265;2.265;337;ANA (backfill manual)
2026-02-20;2.263;2.223;2.223;334;ANA (backfill manual)
2026-02-21;2.222;2.190;2.190;;ANA (backfill manual)
2026-02-22;2.202;2.170;2.170;302;ANA (backfill manual)
2026-02-23;2.176;2.143;2.148;;ANA (backfill manual)
2026-02-24;2.144;2.103;2.103;281;ANA (backfill manual)
2026-02-25;2.101;2.036;2.036;279;ANA (backfill manual)
2026-02-26;2.033;1.972;1.979;;ANA (backfill manual)
2026-02-27;1.976;1.935;1.936;;ANA (backfill manual)
2026-02-28;1.925;1.887;1.888;;ANA (backfill manual)
2026-03-01;1.889;1.870;1.882;209;ANA (backfill manual)
2026-03-02;1.885;1.862;1.870;209;ANA (backfill manual)
2026-03-03;1.868;1.825;1.825;192;ANA (backfill manual)
2026-03-04;1.824;1.770;1.771;185;ANA (backfill manual)
2026-03-05;1.765;1.706;1.707;;ANA (backfill manual)
2026-03-06;1.707;1.670;1.672;;ANA (backfill manual)
2026-03-07;1.674;1.642;1.642;;ANA (backfill manual)
2026-03-08;1.642;1.620;1.624;;ANA (backfill manual)
2026-03-09;1.626;1.609;1.622;;ANA (backfill manual)
2026-03-10;1.648;1.619;1.646;139;ANA (backfill manual)
2026-03-11;1.671;1.646;1.657;142;ANA (backfill manual)
2026-03-12;1.724;1.657;1.724;161;ANA (backfill manual)
2026-03-13;1.816;1.727;1.816;190;ANA (backfill manual)
2026-03-14;1.878;1.816;1.878;208;ANA (backfill manual)
2026-03-15;1.880;1.849;1.849;199;ANA (backfill manual)
2026-03-16;1.847;1.787;1.799;185;ANA (backfill manual)
2026-03-17;1.798;1.771;1.777;179;ANA (backfill manual)
2026-03-18;1.777;1.748;1.751;170;ANA (backfill manual)
2026-03-19;1.788;1.758;1.780;179;ANA (backfill manual)
2026-03-20;1.793;1.763;1.763;176;ANA (backfill manual)
2026-03-21;1.785;1.765;1.782;;ANA (backfill manual)
2026-03-22;1.806;1.770;1.806;;ANA (backfill manual)
2026-03-23;1.921;1.811;1.921;;ANA (backfill manual)
2026-03-24;1.974;1.927;1.968;;ANA (backfill manual)
2026-03-25;1.967;1.927;1.932;;ANA (backfill manual)
2026-03-26;1.933;1.920;1.922;;ANA (backfill manual)
2026-03-27;1.924;1.866;1.866;;ANA (backfill manual)
2026-03-28;1.861;1.787;1.787;;ANA (backfill manual)
2026-03-29;1.789;1.718;1.718;;ANA (backfill manual)
2026-03-30;1.716;1.659;1.680;148;ANA (backfill manual)
2026-03-31;1.679;1.641;1.648;139;ANA (backfill manual)
2026-04-01;1.649;1.634;1.639;135;ANA (backfill manual)
2026-04-02;1.640;1.607;1.622;129;ANA (backfill manual)
2026-04-03;1.627;1.616;1.625;132;ANA (backfill manual)
2026-04-04;1.625;1.605;1.610;126;ANA (backfill manual)
2026-04-05;1.610;1.584;1.584;116;ANA (backfill manual)
2026-04-06;1.586;1.569;1.569;113;ANA (backfill manual)
2026-04-07;1.618;1.567;1.618;129;ANA (backfill manual)
2026-04-08;1.636;1.616;1.632;132;ANA (backfill manual)
2026-04-09;1.662;1.635;1.662;142;ANA (backfill manual)
2026-04-10;1.692;1.664;1.686;151;ANA (backfill manual)
2026-04-11;1.718;1.690;1.709;158;ANA (backfill manual)
2026-04-12;1.740;1.711;1.736;167;ANA (backfill manual)
2026-04-13;1.741;1.731;1.739;167;ANA (backfill manual)
2026-04-14;1.744;1.719;1.719;161;ANA (backfill manual)
2026-04-15;1.715;1.669;1.669;145;ANA (backfill manual)
2026-04-16;1.662;1.623;1.623;129;ANA (backfill manual)
2026-04-17;1.622;1.580;1.580;116;ANA (backfill manual)
2026-04-18;1.590;1.566;1.566;113;ANA (backfill manual)
2026-04-19;1.566;1.540;1.542;104;ANA (backfill manual)
2026-04-20;1.543;1.522;1.529;100;ANA (backfill manual)
2026-04-21;1.524;1.509;1.514;94;ANA (backfill manual)
2026-04-22;1.514;1.502;1.507;94;ANA (backfill manual)
2026-04-23;1.507;1.481;1.482;85;ANA (backfill manual)
2026-04-24;1.489;1.473;1.485;88;ANA (backfill manual)
2026-04-25;1.485;1.468;1.476;85;ANA (backfill manual)
2026-04-26;1.545;1.461;1.545;107;ANA (backfill manual)
2026-04-27;1.640;1.552;1.640;135;ANA (backfill manual)
2026-04-28;1.642;1.622;1.631;132;ANA (backfill manual)
2026-04-29;2.094;1.625;2.094;278;ANA (backfill manual)
2026-04-30;2.657;2.129;2.657;463;ANA (backfill manual)
2026-05-01;2.854;2.666;2.854;531;ANA (backfill manual)
2026-05-02;3.239;2.863;3.239;677;ANA (backfill manual)
2026-05-03;3.469;3.258;3.469;768;ANA (backfill manual)
2026-05-04;3.470;3.435;3.435;757;ANA (backfill manual)
2026-05-05;3.433;3.362;3.362;724;ANA (backfill manual)
2026-05-06;3.358;3.239;3.239;677;ANA (backfill manual)
2026-05-07;3.234;3.091;3.091;613;ANA (backfill manual)
2026-05-08;3.083;2.952;2.952;566;ANA (backfill manual)
2026-05-09;2.947;2.898;2.927;558;ANA (backfill manual)
2026-05-10;3.094;2.933;3.094;618;ANA (backfill manual)
2026-05-11;3.223;3.100;3.223;670;ANA (backfill manual)
2026-05-12;3.382;3.227;3.382;733;ANA (backfill manual)
2026-05-13;3.491;3.389;3.491;776;ANA (backfill manual)
2026-05-14;3.517;3.494;3.515;788;ANA (backfill manual)
2026-05-15;3.514;3.493;3.493;776;ANA (backfill manual)
2026-05-16;3.493;3.452;3.452;761;ANA (backfill manual)
2026-05-17;3.450;3.422;3.445;761;ANA (backfill manual)
2026-05-18;3.547;3.448;3.547;799;ANA (backfill manual)
2026-05-19;3.561;3.548;3.561;803;ANA (backfill manual)
2026-05-20;3.567;3.560;3.562;803;ANA (backfill manual)
2026-05-21;3.562;3.521;3.521;788;ANA (backfill manual)
2026-05-22;3.521;3.486;3.496;780;ANA (backfill manual)
2026-05-23;3.517;3.496;3.506;784;ANA (backfill manual)
2026-05-24;3.504;3.439;3.439;757;ANA (backfill manual)
2026-05-25;3.436;3.324;3.324;708;ANA (backfill manual)
2026-05-26;3.436;3.289;3.436;757;ANA (backfill manual)
2026-05-27;3.513;3.447;3.494;775;ANA (backfill manual)
2026-05-28;3.490;3.398;3.398;741;ANA (backfill manual)
2026-05-29;3.395;3.321;3.321;709;ANA (backfill manual)
2026-05-30;3.318;3.254;3.254;682;ANA (backfill manual)
2026-05-31;3.250;3.130;3.130;632;ANA (backfill manual)
2026-06-01;3.123;2.965;2.965;573;ANA (backfill manual)
2026-06-02;2.959;2.803;2.803;515;ANA (backfill manual)
2026-06-03;2.797;2.656;2.656;467;ANA (backfill manual)
2026-06-04;2.650;2.535;2.535;426;ANA (backfill manual)
2026-06-05;2.530;2.435;2.435;392;ANA (backfill manual)
2026-06-06;2.432;2.360;2.360;364;ANA (backfill manual)
2026-06-07;2.357;2.287;2.287;338;ANA (backfill manual)
2026-06-08;2.284;2.230;2.230;318;ANA (backfill manual)
2026-06-09;2.227;2.181;2.181;299;ANA (backfill manual)
2026-06-10;2.180;2.152;2.153;289;ANA (backfill manual)
2026-06-11;2.152;2.138;2.143;286;ANA (backfill manual)
2026-06-12;2.355;2.140;2.355;366;ANA (backfill manual)
2026-06-13;2.449;2.364;2.449;397;ANA (backfill manual)
2026-06-14;2.452;2.449;2.449;397;ANA (backfill manual)
2026-06-15;2.456;2.445;2.456;400;ANA (backfill manual)
2026-06-16;2.479;2.457;2.479;406;ANA (backfill manual)
2026-06-17;2.480;2.458;2.458;399;ANA (backfill manual)
2026-06-18;2.456;2.391;2.391;374;ANA (backfill manual)
2026-06-19;2.393;2.351;2.351;361;ANA (backfill manual)
2026-06-20;2.371;2.324;2.371;369;ANA (backfill manual)
2026-06-21;2.492;2.376;2.492;410;ANA (backfill manual)
2026-06-22;2.727;2.497;2.727;489;ANA (backfill manual)
2026-06-23;3.011;2.746;3.011;587;ANA (backfill manual)
2026-06-24;3.103;3.017;3.103;621;ANA (backfill manual)
2026-06-25;3.126;3.105;3.124;629;ANA (backfill manual)
2026-06-26;3.123;3.085;3.085;618;ANA (backfill manual)
2026-06-27;3.082;3.009;3.014;587;ANA (backfill manual)
2026-06-28;3.024;2.954;3.024;587;ANA (backfill manual)
2026-06-29;3.474;3.037;3.474;765;ANA (backfill manual)
2026-06-30;4.076;3.506;4.076;1016;ANA (backfill manual)
2026-07-01;4.539;4.124;4.539;1229;ANA (backfill manual)
2026-07-02;4.702;4.552;4.702;1303;ANA (backfill manual)
2026-07-03;4.754;4.704;4.754;1332;ANA (backfill manual)
2026-07-04;4.767;4.756;4.760;1338;ANA (backfill manual)
2026-07-05;4.759;4.703;4.703;1306;ANA (backfill manual)
2026-07-06;4.700;4.639;4.639;1281;ANA (backfill manual)
2026-07-07;4.636;4.577;4.577;1252;ANA (backfill manual)
2026-07-08;4.500;4.500;4.500;1210;Copel
2026-07-09;4.411;4.411;4.411;1170;Copel
2026-07-10;4.412;4.412;4.412;1170;Copel
2026-07-11;4.657;4.657;4.657;1290;Copel
2026-07-12;4.806;4.806;4.806;1360;Copel
2026-07-13;4.759;4.759;4.759;1340;Copel
2026-07-14;4.753;4.619;4.619;1270;Copel
2026-07-15;4.435;4.435;4.435;1180;Copel
2026-07-16;4.241;4.241;4.241;1090;Copel
2026-07-17;4.123;4.072;4.072;1020;Copel
2026-07-18;4.066;3.917;3.917;950;Copel
2026-07-19;3.910;3.816;3.816;911;Copel
